UID,Name,Timestamp
UID4039,Sara,2025-06-29 18:21:11
UID4041,Rohan,2025-06-29 18:22:16
UID8731,Aditya,2025-06-29 18:22:29
UID2921,Rohan,2025-06-29 18:22:43
UID9123,Diya,2025-06-29 18:23:52
UID6210,Arjun,2025-06-28 08:25:32
UID8348,Sneha,2025-06-16 11:06:32
UID4983,Tara,2025-06-24 15:07:32
UID8815,Meera,2025-06-28 09:35:32
UID8560,Tara,2025-06-08 15:37:32
UID8959,Aditya,2025-06-21 10:31:32
UID3776,Nisha,2025-06-14 08:04:32
UID1268,Priya,2025-06-12 09:10:32
UID5717,Riya,2025-06-13 00:51:32
UID6796,Ayaan,2025-06-11 07:52:32
UID1237,Arjun,2025-06-09 01:37:32
UID1986,Arjun,2025-06-18 13:42:32
UID6543,Sara,2025-06-11 04:22:32
UID1461,Aditya,2025-06-01 04:58:32
UID4844,Aarav,2025-06-26 08:08:32
UID3642,Aditya,2025-06-08 10:02:32
UID6965,Riya,2025-06-13 10:46:32
UID7398,Arjun,2025-06-14 20:18:32
UID2118,Meera,2025-06-18 21:50:32
UID5472,Aarav,2025-06-08 06:44:32
UID4140,Kiran,2025-06-03 11:21:32
UID9395,Kabir,2025-06-11 17:41:32
UID7451,Diya,2025-06-19 11:28:32
UID6266,Dev,2025-06-27 06:03:32
UID4659,Kiran,2025-05-30 08:04:32
UID8946,Aditya,2025-06-14 14:24:32
UID4433,Nisha,2025-06-29 10:57:32
UID1400,Rohan,2025-06-11 17:53:32
UID4338,Aditya,2025-06-03 07:25:32
UID5213,Diya,2025-06-27 14:14:32
UID8392,Ayaan,2025-05-31 03:13:32
UID2899,Priya,2025-06-02 20:46:32
UID7389,Nisha,2025-06-13 10:25:32
UID1665,Tara,2025-06-12 14:06:32
UID9425,Priya,2025-06-13 23:40:32
UID7199,Aarav,2025-06-17 17:29:32
UID7456,Priya,2025-06-05 14:24:32
UID7002,Kiran,2025-06-15 08:07:32
UID8075,Sara,2025-06-01 06:33:32
UID6108,Nisha,2025-06-22 12:42:32
UID9870,Meera,2025-06-05 11:36:32
UID7366,Riya,2025-06-18 14:31:32
UID7595,Neha,2025-06-18 23:29:32
UID1315,Rohan,2025-05-31 23:34:32
UID7048,Ayaan,2025-06-21 22:21:32
UID3912,Sara,2025-06-21 17:04:32
UID3388,Varun,2025-06-03 22:13:32
UID3007,Aarav,2025-06-10 18:04:32
UID3323,Anaya,2025-06-20 02:32:32
UID1295,Kiran,2025-06-20 18:14:32
UID2524,Diya,2025-06-12 19:27:32
UID7435,Sneha,2025-06-13 04:04:32
UID1168,Ishaan,2025-06-14 14:17:32
UID9823,Priya,2025-06-09 17:33:32
UID4139,Rohan,2025-06-28 06:39:32
UID9028,Sneha,2025-06-27 21:42:32
UID9968,Kabir,2025-05-31 07:32:32
UID5887,Aditya,2025-06-13 15:06:32
UID5956,Neha,2025-06-24 06:06:32
UID6096,Aarav,2025-06-14 02:37:32
UID7627,Nisha,2025-06-07 13:30:32
UID1981,Sara,2025-06-10 23:36:32
UID1121,Meera,2025-06-17 19:25:32
UID4599,Anaya,2025-06-14 11:11:32
UID5812,Kabir,2025-06-22 04:10:32
UID8557,Aarav,2025-05-30 07:46:32
UID1590,Meera,2025-06-19 22:22:32
UID7798,Aarav,2025-06-18 20:12:32
UID5826,Kabir,2025-06-18 19:27:32
UID5370,Rohan,2025-05-30 12:27:32
UID3426,Varun,2025-06-04 19:12:32
UID3552,Ayaan,2025-06-22 17:12:32
UID7665,Dev,2025-06-01 08:07:32
UID7284,Tara,2025-06-08 00:36:32
UID2222,Kabir,2025-06-18 01:13:32
UID5115,Tara,2025-06-17 08:10:32
UID8661,Ayaan,2025-06-04 22:44:32
UID1139,Varun,2025-06-29 05:42:32
UID2623,Aarav,2025-06-11 13:59:32
UID9791,Ishaan,2025-06-23 04:20:32
UID3327,Riya,2025-06-16 07:06:32
UID9792,Dev,2025-06-03 04:01:32
UID5738,Dev,2025-06-18 02:26:32
UID3945,Sneha,2025-06-09 06:52:33
UID7599,Kabir,2025-06-07 19:03:33
UID1760,Varun,2025-06-10 01:17:33
UID4138,Aditya,2025-06-14 21:26:33
UID7398,Arjun,2025-06-29 01:24:33
UID1208,Ishaan,2025-06-05 00:55:33
UID4022,Sneha,2025-06-21 15:48:33
UID9745,Ayaan,2025-06-04 21:52:33
UID6778,Ishaan,2025-06-02 10:40:33
UID2011,Tara,2025-06-09 01:41:33
UID8081,Kiran,2025-06-03 09:47:33
UID8872,Aarav,2025-06-26 09:03:33
UID6458,Ishaan,2025-06-27 14:44:33
UID2376,Ishaan,2025-06-13 20:03:33
UID2739,Anaya,2025-06-18 03:06:33
UID4291,Neha,2025-06-08 22:36:33
UID2315,Tara,2025-06-26 01:30:33
